[{"model": "admin.logentry", "pk": 1, "fields": {"action_time": "2026-03-05T16:25:32.572Z", "user": 1, "content_type": 7, "object_id": "1", "object_repr": "VADA", "action_flag": 1, "change_message": "[{\"added\": {}}]"}}, {"model": "admin.logentry", "pk": 2, "fields": {"action_time": "2026-03-05T16:26:05.790Z", "user": 1, "content_type": 7, "object_id": "2", "object_repr": "IDLI", "action_flag": 1, "change_message": "[{\"added\": {}}]"}}, {"model": "admin.logentry", "pk": 3, "fields": {"action_time": "2026-03-05T16:26:20.894Z", "user": 1, "content_type": 7, "object_id": "3", "object_repr": "PONGAL", "action_flag": 1, "change_message": "[{\"added\": {}}]"}}, {"model": "admin.logentry", "pk": 4, "fields": {"action_time": "2026-03-05T16:26:36.434Z", "user": 1, "content_type": 7, "object_id": "4", "object_repr": "POORI", "action_flag": 1, "change_message": "[{\"added\": {}}]"}}, {"model": "admin.logentry", "pk": 5, "fields": {"action_time": "2026-03-05T16:26:54.703Z", "user": 1, "content_type": 7, "object_id": "5", "object_repr": "IDIYAPPAM", "action_flag": 1, "change_message": "[{\"added\": {}}]"}}, {"model": "admin.logentry", "pk": 6, "fields": {"action_time": "2026-03-05T16:27:11.364Z", "user": 1, "content_type": 7, "object_id": "6", "object_repr": "TEA", "action_flag": 1, "change_message": "[{\"added\": {}}]"}}, {"model": "admin.logentry", "pk": 7, "fields": {"action_time": "2026-03-05T16:27:28.352Z", "user": 1, "content_type": 7, "object_id": "7", "object_repr": "COFFEE", "action_flag": 1, "change_message": "[{\"added\": {}}]"}}, {"model": "admin.logentry", "pk": 8, "fields": {"action_time": "2026-03-05T17:33:12.657Z", "user": 1, "content_type": 4, "object_id": "1", "object_repr": "Lana", "action_flag": 2, "change_message": "[{\"changed\": {\"fields\": [\"password\"]}}]"}}, {"model": "admin.logentry", "pk": 9, "fields": {"action_time": "2026-03-05T17:33:58.939Z", "user": 1, "content_type": 4, "object_id": "1", "object_repr": "developer", "action_flag": 2, "change_message": "[{\"changed\": {\"fields\": [\"Username\"]}}]"}}, {"model": "auth.permission", "pk": 1, "fields": {"name": "Can add log entry", "content_type": 1, "codename": "add_logentry"}}, {"model": "auth.permission", "pk": 2, "fields": {"name": "Can change log entry", "content_type": 1, "codename": "change_logentry"}}, {"model": "auth.permission", "pk": 3, "fields": {"name": "Can delete log entry", "content_type": 1, "codename": "delete_logentry"}}, {"model": "auth.permission", "pk": 4, "fields": {"name": "Can view log entry", "content_type": 1, "codename": "view_logentry"}}, {"model": "auth.permission", "pk": 5, "fields": {"name": "Can add permission", "content_type": 2, "codename": "add_permission"}}, {"model": "auth.permission", "pk": 6, "fields": {"name": "Can change permission", "content_type": 2, "codename": "change_permission"}}, {"model": "auth.permission", "pk": 7, "fields": {"name": "Can delete permission", "content_type": 2, "codename": "delete_permission"}}, {"model": "auth.permission", "pk": 8, "fields": {"name": "Can view permission", "content_type": 2, "codename": "view_permission"}}, {"model": "auth.permission", "pk": 9, "fields": {"name": "Can add group", "content_type": 3, "codename": "add_group"}}, {"model": "auth.permission", "pk": 10, "fields": {"name": "Can change group", "content_type": 3, "codename": "change_group"}}, {"model": "auth.permission", "pk": 11, "fields": {"name": "Can delete group", "content_type": 3, "codename": "delete_group"}}, {"model": "auth.permission", "pk": 12, "fields": {"name": "Can view group", "content_type": 3, "codename": "view_group"}}, {"model": "auth.permission", "pk": 13, "fields": {"name": "Can add user", "content_type": 4, "codename": "add_user"}}, {"model": "auth.permission", "pk": 14, "fields": {"name": "Can change user", "content_type": 4, "codename": "change_user"}}, {"model": "auth.permission", "pk": 15, "fields": {"name": "Can delete user", "content_type": 4, "codename": "delete_user"}}, {"model": "auth.permission", "pk": 16, "fields": {"name": "Can view user", "content_type": 4, "codename": "view_user"}}, {"model": "auth.permission", "pk": 17, "fields": {"name": "Can add content type", "content_type": 5, "codename": "add_contenttype"}}, {"model": "auth.permission", "pk": 18, "fields": {"name": "Can change content type", "content_type": 5, "codename": "change_contenttype"}}, {"model": "auth.permission", "pk": 19, "fields": {"name": "Can delete content type", "content_type": 5, "codename": "delete_contenttype"}}, {"model": "auth.permission", "pk": 20, "fields": {"name": "Can view content type", "content_type": 5, "codename": "view_contenttype"}}, {"model": "auth.permission", "pk": 21, "fields": {"name": "Can add session", "content_type": 6, "codename": "add_session"}}, {"model": "auth.permission", "pk": 22, "fields": {"name": "Can change session", "content_type": 6, "codename": "change_session"}}, {"model": "auth.permission", "pk": 23, "fields": {"name": "Can delete session", "content_type": 6, "codename": "delete_session"}}, {"model": "auth.permission", "pk": 24, "fields": {"name": "Can view session", "content_type": 6, "codename": "view_session"}}, {"model": "auth.permission", "pk": 25, "fields": {"name": "Can add menu", "content_type": 7, "codename": "add_menu"}}, {"model": "auth.permission", "pk": 26, "fields": {"name": "Can change menu", "content_type": 7, "codename": "change_menu"}}, {"model": "auth.permission", "pk": 27, "fields": {"name": "Can delete menu", "content_type": 7, "codename": "delete_menu"}}, {"model": "auth.permission", "pk": 28, "fields": {"name": "Can view menu", "content_type": 7, "codename": "view_menu"}}, {"model": "auth.permission", "pk": 29, "fields": {"name": "Can add order", "content_type": 8, "codename": "add_order"}}, {"model": "auth.permission", "pk": 30, "fields": {"name": "Can change order", "content_type": 8, "codename": "change_order"}}, {"model": "auth.permission", "pk": 31, "fields": {"name": "Can delete order", "content_type": 8, "codename": "delete_order"}}, {"model": "auth.permission", "pk": 32, "fields": {"name": "Can view order", "content_type": 8, "codename": "view_order"}}, {"model": "auth.permission", "pk": 33, "fields": {"name": "Can add order item", "content_type": 9, "codename": "add_orderitem"}}, {"model": "auth.permission", "pk": 34, "fields": {"name": "Can change order item", "content_type": 9, "codename": "change_orderitem"}}, {"model": "auth.permission", "pk": 35, "fields": {"name": "Can delete order item", "content_type": 9, "codename": "delete_orderitem"}}, {"model": "auth.permission", "pk": 36, "fields": {"name": "Can view order item", "content_type": 9, "codename": "view_orderitem"}}, {"model": "auth.permission", "pk": 37, "fields": {"name": "Can add site", "content_type": 10, "codename": "add_site"}}, {"model": "auth.permission", "pk": 38, "fields": {"name": "Can change site", "content_type": 10, "codename": "change_site"}}, {"model": "auth.permission", "pk": 39, "fields": {"name": "Can delete site", "content_type": 10, "codename": "delete_site"}}, {"model": "auth.permission", "pk": 40, "fields": {"name": "Can view site", "content_type": 10, "codename": "view_site"}}, {"model": "auth.permission", "pk": 41, "fields": {"name": "Can add email address", "content_type": 11, "codename": "add_emailaddress"}}, {"model": "auth.permission", "pk": 42, "fields": {"name": "Can change email address", "content_type": 11, "codename": "change_emailaddress"}}, {"model": "auth.permission", "pk": 43, "fields": {"name": "Can delete email address", "content_type": 11, "codename": "delete_emailaddress"}}, {"model": "auth.permission", "pk": 44, "fields": {"name": "Can view email address", "content_type": 11, "codename": "view_emailaddress"}}, {"model": "auth.permission", "pk": 45, "fields": {"name": "Can add email confirmation", "content_type": 12, "codename": "add_emailconfirmation"}}, {"model": "auth.permission", "pk": 46, "fields": {"name": "Can change email confirmation", "content_type": 12, "codename": "change_emailconfirmation"}}, {"model": "auth.permission", "pk": 47, "fields": {"name": "Can delete email confirmation", "content_type": 12, "codename": "delete_emailconfirmation"}}, {"model": "auth.permission", "pk": 48, "fields": {"name": "Can view email confirmation", "content_type": 12, "codename": "view_emailconfirmation"}}, {"model": "auth.permission", "pk": 49, "fields": {"name": "Can add social account", "content_type": 13, "codename": "add_socialaccount"}}, {"model": "auth.permission", "pk": 50, "fields": {"name": "Can change social account", "content_type": 13, "codename": "change_socialaccount"}}, {"model": "auth.permission", "pk": 51, "fields": {"name": "Can delete social account", "content_type": 13, "codename": "delete_socialaccount"}}, {"model": "auth.permission", "pk": 52, "fields": {"name": "Can view social account", "content_type": 13, "codename": "view_socialaccount"}}, {"model": "auth.permission", "pk": 53, "fields": {"name": "Can add social application", "content_type": 14, "codename": "add_socialapp"}}, {"model": "auth.permission", "pk": 54, "fields": {"name": "Can change social application", "content_type": 14, "codename": "change_socialapp"}}, {"model": "auth.permission", "pk": 55, "fields": {"name": "Can delete social application", "content_type": 14, "codename": "delete_socialapp"}}, {"model": "auth.permission", "pk": 56, "fields": {"name": "Can view social application", "content_type": 14, "codename": "view_socialapp"}}, {"model": "auth.permission", "pk": 57, "fields": {"name": "Can add social application token", "content_type": 15, "codename": "add_socialtoken"}}, {"model": "auth.permission", "pk": 58, "fields": {"name": "Can change social application token", "content_type": 15, "codename": "change_socialtoken"}}, {"model": "auth.permission", "pk": 59, "fields": {"name": "Can delete social application token", "content_type": 15, "codename": "delete_socialtoken"}}, {"model": "auth.permission", "pk": 60, "fields": {"name": "Can view social application token", "content_type": 15, "codename": "view_socialtoken"}}, {"model": "auth.user", "pk": 1, "fields": {"password": "pbkdf2_sha256$1000000$z9KYOkrIkFDPZBcKEmcVKG$3fhfUpffoTIcyGnCQv/1HWdktA+9wMFaMZjrvhCeF54=", "last_login": "2026-03-13T15:48:45.730Z", "is_superuser": true, "username": "developer", "first_name": "", "last_name": "", "email": "christoblealice@gmail.com", "is_staff": true, "is_active": true, "date_joined": "2026-03-05T15:48:19Z", "groups": [], "user_permissions": []}}, {"model": "auth.user", "pk": 2, "fields": {"password": "pbkdf2_sha256$1000000$JWu82DthHoDV0IFqBSk7K6$ZQp5GvYNDbbKmFDwIkALGR0Vb1RmHTC5biwV+jG5zpw=", "last_login": null, "is_superuser": true, "username": "Lawrence", "first_name": "", "last_name": "", "email": "lawrence@gmail.com", "is_staff": true, "is_active": true, "date_joined": "2026-03-05T17:46:59.066Z", "groups": [], "user_permissions": []}}, {"model": "auth.user", "pk": 3, "fields": {"password": "pbkdf2_sha256$1000000$VAHrPPndxBBsBL6rZDKJmW$tohi5sS439WwqrwJ7PONyJP4J3BM89lTNL56C97oHNI=", "last_login": "2026-03-05T17:57:47.564Z", "is_superuser": true, "username": "CaltonDavid", "first_name": "", "last_name": "", "email": "caltondavid@gmail.com", "is_staff": true, "is_active": true, "date_joined": "2026-03-05T17:47:58.476Z", "groups": [], "user_permissions": []}}, {"model": "auth.user", "pk": 4, "fields": {"password": "pbkdf2_sha256$1000000$l4Vb4GHwTbRTwwDGYY80he$Oxnb8BiShk+oMeDWccx4kF0kCWLjzz1flCsTH62yPXE=", "last_login": null, "is_superuser": true, "username": "Priest_judes", "first_name": "", "last_name": "", "email": "priest_judes@gmail.com", "is_staff": true, "is_active": true, "date_joined": "2026-03-05T17:51:37.365Z", "groups": [], "user_permissions": []}}, {"model": "auth.user", "pk": 5, "fields": {"password": "!PezmZg9M0pzuSlx7Bt9TZHGbhlj5X8fzxwjJU5Cj", "last_login": "2026-04-02T10:24:57.466Z", "is_superuser": false, "username": "ashlynn", "first_name": "Ashlynn", "last_name": "", "email": "ashlynnkim1402@gmail.com", "is_staff": false, "is_active": true, "date_joined": "2026-04-02T10:12:59.156Z", "groups": [], "user_permissions": []}}, {"model": "auth.user", "pk": 6, "fields": {"password": "!7VL2sDu5PflnGOjvNkCnszan0nnzD2wAK0Srilsa", "last_login": "2026-04-02T10:48:09.927Z", "is_superuser": false, "username": "lana", "first_name": "Lana", "last_name": "Harriet", "email": "lanaharriet1408@gmail.com", "is_staff": false, "is_active": true, "date_joined": "2026-04-02T10:48:09.842Z", "groups": [], "user_permissions": []}}, {"model": "contenttypes.contenttype", "pk": 1, "fields": {"app_label": "admin", "model": "logentry"}}, {"model": "contenttypes.contenttype", "pk": 2, "fields": {"app_label": "auth", "model": "permission"}}, {"model": "contenttypes.contenttype", "pk": 3, "fields": {"app_label": "auth", "model": "group"}}, {"model": "contenttypes.contenttype", "pk": 4, "fields": {"app_label": "auth", "model": "user"}}, {"model": "contenttypes.contenttype", "pk": 5, "fields": {"app_label": "contenttypes", "model": "contenttype"}}, {"model": "contenttypes.contenttype", "pk": 6, "fields": {"app_label": "sessions", "model": "session"}}, {"model": "contenttypes.contenttype", "pk": 7, "fields": {"app_label": "orders", "model": "menu"}}, {"model": "contenttypes.contenttype", "pk": 8, "fields": {"app_label": "orders", "model": "order"}}, {"model": "contenttypes.contenttype", "pk": 9, "fields": {"app_label": "orders", "model": "orderitem"}}, {"model": "contenttypes.contenttype", "pk": 10, "fields": {"app_label": "sites", "model": "site"}}, {"model": "contenttypes.contenttype", "pk": 11, "fields": {"app_label": "account", "model": "emailaddress"}}, {"model": "contenttypes.contenttype", "pk": 12, "fields": {"app_label": "account", "model": "emailconfirmation"}}, {"model": "contenttypes.contenttype", "pk": 13, "fields": {"app_label": "socialaccount", "model": "socialaccount"}}, {"model": "contenttypes.contenttype", "pk": 14, "fields": {"app_label": "socialaccount", "model": "socialapp"}}, {"model": "contenttypes.contenttype", "pk": 15, "fields": {"app_label": "socialaccount", "model": "socialtoken"}}, {"model": "sessions.session", "pk": "0x011yrt4i5dj9apal78qkuulbdmb7qk", "fields": {"session_data": ".eJxVjEEOwiAQRe_C2hAGSiku3XsGMsyAVA0kpV0Z765NutDtf-_9lwi4rSVsPS1hZnEWIE6_W0R6pLoDvmO9NUmtrssc5a7Ig3Z5bZyel8P9OyjYy7dWObJzBB6JGbOetBpinoxRnEkTRWO8HREGCwAOIWubbNSejUWXzSjeH_-hOBw:1w14kn:Nb_ClFQsJ6w-epXu3cvagosCMTjpsso3esB7ylLHYls", "expire_date": "2026-03-27T15:48:45.760Z"}}, {"model": "sessions.session", "pk": "l6q2pkebgd0mik1vsoli9ayc62dgl872", "fields": {"session_data": ".eJxVj0tuhDAMhu_iNUJJyJNde42qQiExQ9QMqUiYDeLuBUpVsbP-x2d7hZxcsNE6l5apdLnYghnadavgT3vhHIaAvsOnDRHaaYnx37VLGXEqwdkS0tQ9sYzJ74SPFX5naO87YO8WaKlSgjKptakN4VoLUcH3nF7B47xXHik9Iu7ZJRwESgglkgtGlNCSN0o02sD2WcF5QLdknLszKeGm9dZ94XQYNsZDrq8z6jNz2bl-u73xfrVuqNHmcecMOCCiU6rxhmnfI22oZoorQw13jBFrFGfMDsyi7HmPvvFaEqaZd8YLBdsPAw579g:1w8Far:ZjlpDOlrSj-jTqcge0kn50HChlfOTU9Yark4g2pjff8", "expire_date": "2026-04-16T10:48:09.944Z"}}, {"model": "sites.site", "pk": 1, "fields": {"domain": "example.com", "name": "example.com"}}, {"model": "account.emailaddress", "pk": 1, "fields": {"user": 5, "email": "ashlynnkim1402@gmail.com", "verified": true, "primary": true}}, {"model": "account.emailaddress", "pk": 2, "fields": {"user": 6, "email": "lanaharriet1408@gmail.com", "verified": true, "primary": true}}, {"model": "socialaccount.socialaccount", "pk": 1, "fields": {"user": 5, "provider": "google", "uid": "114840163722269586581", "last_login": "2026-04-02T10:24:57.437Z", "date_joined": "2026-04-02T10:12:59.202Z", "extra_data": {"iss": "https://accounts.google.com", "azp": "136379835840-tbdq72mkg1f3cu6j7mrrcs7lv9aabeo7.apps.googleusercontent.com", "aud": "136379835840-tbdq72mkg1f3cu6j7mrrcs7lv9aabeo7.apps.googleusercontent.com", "sub": "114840163722269586581", "email": "ashlynnkim1402@gmail.com", "email_verified": true, "at_hash": "5Oxl6leEzJ1IU01Ligl4HA", "name": "Ashlynn", "picture": "https://lh3.googleusercontent.com/a/ACg8ocJjxtLKq14CnMHgWkCNKus_fwsLsOgL6iB8pZVj_Mxq60KYNg=s96-c", "given_name": "Ashlynn", "iat": 1775125497, "exp": 1775129097}}}, {"model": "socialaccount.socialaccount", "pk": 2, "fields": {"user": 6, "provider": "google", "uid": "100106452075864375389", "last_login": "2026-04-02T10:48:09.880Z", "date_joined": "2026-04-02T10:48:09.880Z", "extra_data": {"iss": "https://accounts.google.com", "azp": "136379835840-tbdq72mkg1f3cu6j7mrrcs7lv9aabeo7.apps.googleusercontent.com", "aud": "136379835840-tbdq72mkg1f3cu6j7mrrcs7lv9aabeo7.apps.googleusercontent.com", "sub": "100106452075864375389", "email": "lanaharriet1408@gmail.com", "email_verified": true, "at_hash": "iGOSeI-jME5tc7IMtzzSOg", "name": "Lana Harriet", "picture": "https://lh3.googleusercontent.com/a/ACg8ocLHMNfnXLPFaAi81uV9yQOp8EY9i4jz_PwVfio94iW-npkfSrE=s96-c", "given_name": "Lana", "family_name": "Harriet", "iat": 1775126889, "exp": 1775130489}}}, {"model": "orders.menu", "pk": 1, "fields": {"name": "VADA", "price": 15, "image": "menu_images/vada.jpeg", "is_available": true}}, {"model": "orders.menu", "pk": 2, "fields": {"name": "IDLI", "price": 10, "image": "menu_images/idli.jpeg", "is_available": true}}, {"model": "orders.menu", "pk": 3, "fields": {"name": "PONGAL", "price": 30, "image": "menu_images/pongal.jpeg", "is_available": true}}, {"model": "orders.menu", "pk": 4, "fields": {"name": "POORI", "price": 20, "image": "menu_images/poori.jpeg", "is_available": true}}, {"model": "orders.menu", "pk": 5, "fields": {"name": "IDIYAPPAM", "price": 40, "image": "menu_images/idiyappam.jpeg", "is_available": true}}, {"model": "orders.menu", "pk": 6, "fields": {"name": "TEA", "price": 10, "image": "menu_images/tea.jpeg", "is_available": true}}, {"model": "orders.menu", "pk": 7, "fields": {"name": "COFFEE", "price": 15, "image": "menu_images/coffee.jpeg", "is_available": true}}, {"model": "orders.order", "pk": 1, "fields": {"customer_name": "Lana", "created_at": "2026-03-05T16:51:45.592Z"}}, {"model": "orders.order", "pk": 2, "fields": {"customer_name": "a", "created_at": "2026-03-05T16:55:04.475Z"}}, {"model": "orders.order", "pk": 3, "fields": {"customer_name": "b", "created_at": "2026-03-05T16:57:09.108Z"}}, {"model": "orders.order", "pk": 4, "fields": {"customer_name": "c", "created_at": "2026-03-05T17:00:11.917Z"}}, {"model": "orders.order", "pk": 5, "fields": {"customer_name": "d", "created_at": "2026-03-05T17:06:38.561Z"}}, {"model": "orders.order", "pk": 6, "fields": {"customer_name": "David", "created_at": "2026-03-05T17:14:48.002Z"}}, {"model": "orders.order", "pk": 7, "fields": {"customer_name": "Rishika", "created_at": "2026-03-05T18:05:29.057Z"}}, {"model": "orders.order", "pk": 8, "fields": {"customer_name": "Lana", "created_at": "2026-03-06T17:09:31.425Z"}}, {"model": "orders.order", "pk": 9, "fields": {"customer_name": "Ashlynn", "created_at": "2026-04-02T10:13:35.711Z"}}, {"model": "orders.orderitem", "pk": 1, "fields": {"order": 1, "menu_item": 2, "quantity": 1}}, {"model": "orders.orderitem", "pk": 2, "fields": {"order": 1, "menu_item": 6, "quantity": 1}}, {"model": "orders.orderitem", "pk": 3, "fields": {"order": 2, "menu_item": 2, "quantity": 1}}, {"model": "orders.orderitem", "pk": 4, "fields": {"order": 2, "menu_item": 3, "quantity": 1}}, {"model": "orders.orderitem", "pk": 5, "fields": {"order": 2, "menu_item": 6, "quantity": 1}}, {"model": "orders.orderitem", "pk": 6, "fields": {"order": 3, "menu_item": 1, "quantity": 1}}, {"model": "orders.orderitem", "pk": 7, "fields": {"order": 3, "menu_item": 4, "quantity": 1}}, {"model": "orders.orderitem", "pk": 8, "fields": {"order": 3, "menu_item": 7, "quantity": 1}}, {"model": "orders.orderitem", "pk": 9, "fields": {"order": 4, "menu_item": 3, "quantity": 1}}, {"model": "orders.orderitem", "pk": 10, "fields": {"order": 4, "menu_item": 4, "quantity": 1}}, {"model": "orders.orderitem", "pk": 11, "fields": {"order": 4, "menu_item": 6, "quantity": 1}}, {"model": "orders.orderitem", "pk": 12, "fields": {"order": 5, "menu_item": 1, "quantity": 1}}, {"model": "orders.orderitem", "pk": 13, "fields": {"order": 5, "menu_item": 2, "quantity": 2}}, {"model": "orders.orderitem", "pk": 14, "fields": {"order": 5, "menu_item": 5, "quantity": 1}}, {"model": "orders.orderitem", "pk": 15, "fields": {"order": 5, "menu_item": 7, "quantity": 1}}, {"model": "orders.orderitem", "pk": 16, "fields": {"order": 6, "menu_item": 1, "quantity": 1}}, {"model": "orders.orderitem", "pk": 17, "fields": {"order": 6, "menu_item": 2, "quantity": 1}}, {"model": "orders.orderitem", "pk": 18, "fields": {"order": 6, "menu_item": 3, "quantity": 1}}, {"model": "orders.orderitem", "pk": 19, "fields": {"order": 6, "menu_item": 4, "quantity": 1}}, {"model": "orders.orderitem", "pk": 20, "fields": {"order": 6, "menu_item": 5, "quantity": 1}}, {"model": "orders.orderitem", "pk": 21, "fields": {"order": 6, "menu_item": 6, "quantity": 1}}, {"model": "orders.orderitem", "pk": 22, "fields": {"order": 6, "menu_item": 7, "quantity": 1}}, {"model": "orders.orderitem", "pk": 23, "fields": {"order": 7, "menu_item": 1, "quantity": 1}}, {"model": "orders.orderitem", "pk": 24, "fields": {"order": 7, "menu_item": 2, "quantity": 1}}, {"model": "orders.orderitem", "pk": 25, "fields": {"order": 7, "menu_item": 4, "quantity": 1}}, {"model": "orders.orderitem", "pk": 26, "fields": {"order": 7, "menu_item": 7, "quantity": 1}}, {"model": "orders.orderitem", "pk": 27, "fields": {"order": 8, "menu_item": 1, "quantity": 1}}, {"model": "orders.orderitem", "pk": 28, "fields": {"order": 8, "menu_item": 2, "quantity": 2}}, {"model": "orders.orderitem", "pk": 29, "fields": {"order": 8, "menu_item": 3, "quantity": 1}}, {"model": "orders.orderitem", "pk": 30, "fields": {"order": 8, "menu_item": 6, "quantity": 1}}, {"model": "orders.orderitem", "pk": 31, "fields": {"order": 8, "menu_item": 7, "quantity": 1}}, {"model": "orders.orderitem", "pk": 32, "fields": {"order": 9, "menu_item": 2, "quantity": 1}}, {"model": "orders.orderitem", "pk": 33, "fields": {"order": 9, "menu_item": 3, "quantity": 1}}]